Name,age,phone_number,company,building_code,address
May,31,666-578-9745,Bode Bode and Bode,54551,North Elbert
Gustave,51,(491) 305-3619,Dickinson-Dickinson,927,East Lynn
Jessica,23,(493) 452-3168,Cummings Cummings and Cummings,514,Cristberg
Gail,35,(066) 149-3355,Corwin Corwin and Corwin,04457,Christellemouth
Conor,24,387.928.1715,Monahan-Monahan,966,Hettingerland
Dusty,52,(774) 053-5024,Auer Auer and Auer,934,North Abdiel
Trisha,18,(349) 186-3153,Rutherford Inc,0523,Eastonport
Alexis,47,645.061.0450,Luettgen-Luettgen,8963,Gregorialand
Theo,72,405-855-2350,Keebler-Keebler,22831,Port Kallieview
Lizeth,34,(524) 892-0078,O'Keefe O'Keefe and O'Keefe,05685,South Esperanza
Claude,25,(478) 455-4431,Stoltenberg LLC,390,Jarrodview
Daija,50,1-961-546-9368,Little Little and Little,16062,Marksfort
Gino,69,1-370-382-5160,Weimann-Weimann,3203,Riceport
Raleigh,73,381.231.0072,Effertz-Effertz,016,Port Harold
Orrin,24,487-177-2980,Wilkinson Wilkinson and Wilkinson,4555,Port Adrain
Rene,78,135-026-5366,Wisoky Wisoky and Wisoky,2616,New Rosinaport
Thurman,37,427.111.8910,Barton-Barton,4941,New Columbus
Millie,47,1-231-422-7652,Paucek Paucek and Paucek,81573,Dejahshire
Alexandra,34,781-850-5041,Carroll Carroll and Carroll,0906,Strosinchester
Vidal,18,1-759-335-2452,Walker and Sons,48586,Juvenalfurt
Webster,78,1-472-219-8137,Mann-Mann,46817,New Catalinabury
Letitia,44,969-251-4006,Rutherford-Rutherford,1860,Katlynhaven
Lee,20,195-878-1083,Hodkiewicz-Hodkiewicz,6347,Fabianmouth
Marietta,20,518.818.3675,Corkery-Corkery,977,New Angelineshire
Lempi,37,1-336-360-0715,Lockman Group,394,Lehnerton
Gustave,37,723.448.5256,Durgan-Durgan,1441,New Werner
Makayla,39,1-133-253-6612,Bogan and Sons,44367,Ornview
Maye,56,782.391.1210,Metz-Metz,503,Port Thora
Jane,23,1-542-881-5690,Bayer Bayer and Bayer,06601,New Titoland
Kiley,48,(684) 653-5916,Hermann Hermann and Hermann,05812,West Martina
